/*
SQLyog Community v13.1.5  (64 bit)
MySQL - 10.4.14-MariaDB : Database - social_distancing_app
*********************************************************************
*/

/*!40101 SET NAMES utf8 */;

/*!40101 SET SQL_MODE=''*/;

/*!40014 SET @OLD_UNIQUE_CHECKS=@@UNIQUE_CHECKS, UNIQUE_CHECKS=0 */;
/*!40014 SET @OLD_FOREIGN_KEY_CHECKS=@@FOREIGN_KEY_CHECKS, FOREIGN_KEY_CHECKS=0 */;
/*!40101 SET @OLD_SQL_MODE=@@SQL_MODE, SQL_MODE='NO_AUTO_VALUE_ON_ZERO' */;
/*!40111 SET @OLD_SQL_NOTES=@@SQL_NOTES, SQL_NOTES=0 */;
CREATE DATABASE /*!32312 IF NOT EXISTS*/`social_distancing_app` /*!40100 DEFAULT CHARACTER SET utf8mb4 */;

USE `social_distancing_app`;

/*Table structure for table `containment_zone` */

DROP TABLE IF EXISTS `containment_zone`;

CREATE TABLE `containment_zone` (
  `containment_id` int(11) NOT NULL AUTO_INCREMENT,
  `place_name` varchar(15) NOT NULL,
  `panchayath` varchar(15) NOT NULL,
  `date` varchar(25) NOT NULL,
  `status` varchar(10) NOT NULL,
  `latitude` float NOT NULL,
  `longitude` float NOT NULL,
  PRIMARY KEY (`containment_id`)
) ENGINE=InnoDB AUTO_INCREMENT=6 DEFAULT CHARSET=utf8mb4;

/*Data for the table `containment_zone` */

insert  into `containment_zone`(`containment_id`,`place_name`,`panchayath`,`date`,`status`,`latitude`,`longitude`) values 
(3,'venappara','omassery','2020-11-11','active',11.3742,75.9797),
(4,'hkk','ghjkl','2020-11-11','active',456.67,45.87),
(5,'calicut','calicut','2021-02-02','active',11.376,74.7689);

/*Table structure for table `feedback` */

DROP TABLE IF EXISTS `feedback`;

CREATE TABLE `feedback` (
  `feedback_id` int(11) NOT NULL AUTO_INCREMENT,
  `user_id` int(11) NOT NULL,
  `feedback` varchar(50) NOT NULL,
  `date` varchar(20) NOT NULL,
  `status` varchar(50) NOT NULL,
  PRIMARY KEY (`feedback_id`)
) ENGINE=InnoDB AUTO_INCREMENT=20 DEFAULT CHARSET=utf8mb4;

/*Data for the table `feedback` */

insert  into `feedback`(`feedback_id`,`user_id`,`feedback`,`date`,`status`) values 
(1,1,'good','2020-11-12','    jkjl  '),
(2,2,'ok','2020-11-02','          '),
(3,1,'hello','2020-12-23','pending'),
(4,1,'hello','2020-12-23','pending'),
(5,1,'it is good','2020-12-23','      thanks      '),
(6,1,'gh','2021-01-12','pending'),
(7,1,'','2021-01-12','pending'),
(8,1,'','2021-01-12','pending'),
(9,1,'','2021-01-12','pending'),
(10,1,'','2021-01-12','pending'),
(14,1,'hh','2021-01-16','pending'),
(15,9,'helllllooooo','2021-01-28','pending'),
(16,1,'kooooiii','2021-01-29','pending'),
(17,1,'ee app kolllooolaa','2021-01-29','pending'),
(18,1,'good','2021-02-02','pending'),
(19,1,'the alarm is not triggered in all situations','2021-02-09','pending');

/*Table structure for table `location` */

DROP TABLE IF EXISTS `location`;

CREATE TABLE `location` (
  `location_id` int(11) NOT NULL AUTO_INCREMENT,
  `user_id` int(11) NOT NULL,
  `latitude` float NOT NULL,
  `longitude` float NOT NULL,
  `datetime` varchar(50) DEFAULT NULL,
  PRIMARY KEY (`location_id`)
) ENGINE=InnoDB AUTO_INCREMENT=9 DEFAULT CHARSET=utf8mb4;

/*Data for the table `location` */

insert  into `location`(`location_id`,`user_id`,`latitude`,`longitude`,`datetime`) values 
(1,1,11.2578,75.7845,'2021-02-15 16:13:55'),
(2,9,11.2578,75.7845,'2021-02-15 17:24:34'),
(3,0,0,0,NULL),
(4,0,0,0,NULL),
(5,10,11.2578,75.7845,'2021-02-15 17:12:42'),
(6,11,11.2571,75.7846,'2021-02-12 16:12:39'),
(7,0,0,0,NULL),
(8,2,11.2578,75.7845,'2021-02-08 16:24:26');

/*Table structure for table `login` */

DROP TABLE IF EXISTS `login`;

CREATE TABLE `login` (
  `login_id` int(11) NOT NULL AUTO_INCREMENT,
  `username` varchar(40) NOT NULL,
  `password` varchar(15) NOT NULL,
  `type` varchar(10) NOT NULL,
  PRIMARY KEY (`login_id`)
) ENGINE=InnoDB AUTO_INCREMENT=17 DEFAULT CHARSET=utf8mb4;

/*Data for the table `login` */

insert  into `login`(`login_id`,`username`,`password`,`type`) values 
(1,'admin','admin','admin'),
(2,'sans@gmail.com','7593972000','user'),
(10,'rehanthomas1998@gmail.com','7012936000','user'),
(11,'www8@gmail.com','9876543210','user'),
(12,'anuaneetha2000@gmail.com','8848644000','user');

/*Table structure for table `news` */

DROP TABLE IF EXISTS `news`;

CREATE TABLE `news` (
  `news_id` int(11) NOT NULL AUTO_INCREMENT,
  `news` varchar(200) NOT NULL,
  `description` varchar(200) NOT NULL,
  `image` varchar(50) NOT NULL,
  `date` varchar(20) NOT NULL,
  PRIMARY KEY (`news_id`)
) ENGINE=InnoDB AUTO_INCREMENT=7 DEFAULT CHARSET=utf8mb4;

/*Data for the table `news` */

insert  into `news`(`news_id`,`news`,`description`,`image`,`date`) values 
(3,'fghjkbn','edfdxwa','rtdscv','2020-11-20'),
(4,'jjokp[;s','fghjkllz;','20201111154829.jpg','2020-11-11'),
(5,'good day','stay healthy','ui.jpg','2021-01-23'),
(6,'current situations','current scenario is worse.so people are asked to stay alert by the authorities','20210203171909.jpg','2021-02-03');

/*Table structure for table `rootmap` */

DROP TABLE IF EXISTS `rootmap`;

CREATE TABLE `rootmap` (
  `root_id` int(11) NOT NULL AUTO_INCREMENT,
  `user_id` int(11) NOT NULL,
  `latitude` float NOT NULL,
  `longitude` float NOT NULL,
  `datetime` varchar(50) NOT NULL,
  PRIMARY KEY (`root_id`)
) ENGINE=InnoDB AUTO_INCREMENT=459 DEFAULT CHARSET=utf8mb4;

/*Data for the table `rootmap` */

insert  into `rootmap`(`root_id`,`user_id`,`latitude`,`longitude`,`datetime`) values 
(59,1,11.2581,75.7837,'2021-01-21 17:14:18'),
(61,1,11.2571,75.7849,'2021-01-21 17:15:03'),
(62,1,11.2571,75.7849,'2021-01-21 17:16:50'),
(63,1,11.2571,75.7849,'2021-01-21 17:19:23'),
(64,1,11.2571,75.7849,'2021-01-21 17:20:00'),
(65,1,11.2571,75.7849,'2021-01-21 17:20:45'),
(66,1,11.2571,75.7849,'2021-01-21 17:23:24'),
(67,1,11.2575,75.7849,'2021-01-21 17:25:10'),
(68,1,11.6789,75.7849,'2021-01-21 17:26:58'),
(69,1,11.8765,75.7849,'2021-01-21 17:28:53'),
(70,1,11.2987,75.7849,'2021-01-21 17:32:32'),
(71,1,11.8751,75.785,'2021-01-23 15:12:05'),
(72,1,11.2652,75.785,'2021-01-23 15:31:26'),
(73,1,11.2571,75.785,'2021-01-23 15:37:04'),
(74,1,11.2571,75.785,'2021-01-23 16:09:21'),
(75,1,11.2571,75.785,'2021-01-23 16:09:27'),
(76,1,11.2571,75.785,'2021-01-23 16:11:00'),
(77,1,11.2571,75.785,'2021-01-23 16:11:09'),
(78,1,11.2571,75.785,'2021-01-23 16:12:27'),
(79,1,11.2571,75.785,'2021-01-23 16:13:35'),
(80,1,11.2571,75.785,'2021-01-23 16:18:48'),
(81,1,11.2571,75.785,'2021-01-23 16:19:42'),
(82,1,11.2571,75.785,'2021-01-23 16:21:41'),
(83,1,11.2571,75.785,'2021-01-23 16:23:01'),
(84,1,11.2571,75.785,'2021-01-23 16:26:48'),
(85,1,11.2571,75.785,'2021-01-23 16:29:18'),
(86,1,11.2572,75.7853,'2021-01-23 17:13:07'),
(87,1,11.2572,75.7853,'2021-01-23 17:17:49'),
(88,1,11.2572,75.7853,'2021-01-23 17:21:19'),
(89,1,11.2574,75.7849,'2021-01-28 15:21:59'),
(90,1,11.2574,75.7849,'2021-01-28 15:22:16'),
(91,1,11.2574,75.7849,'2021-01-28 15:24:42'),
(92,1,11.2574,75.7849,'2021-01-28 15:24:57'),
(93,1,11.2574,75.7849,'2021-01-28 15:25:49'),
(94,1,11.2574,75.7849,'2021-01-28 15:25:57'),
(95,9,11.2574,75.7849,'2021-01-28 16:40:02'),
(96,9,11.2574,75.7849,'2021-01-28 17:06:13'),
(97,9,11.2574,75.7849,'2021-01-28 17:09:47'),
(98,1,11.2574,75.7849,'2021-01-28 17:10:01'),
(99,1,11.2574,75.7849,'2021-01-28 17:11:44'),
(100,9,11.2574,75.7849,'2021-01-28 17:13:09'),
(101,1,11.2571,75.7846,'2021-01-29 15:07:28'),
(102,1,11.2571,75.7846,'2021-01-29 15:07:48'),
(103,1,11.2571,75.7846,'2021-01-29 15:43:24'),
(104,1,11.2571,75.7846,'2021-01-29 15:43:28'),
(105,1,11.2571,75.7846,'2021-01-29 16:11:55'),
(106,1,11.2571,75.7846,'2021-01-29 16:12:08'),
(107,1,11.2571,75.7846,'2021-01-29 16:31:38'),
(108,1,11.2571,75.7846,'2021-01-29 16:32:09'),
(109,1,11.2577,75.7847,'2021-01-29 16:58:18'),
(110,1,11.2577,75.7847,'2021-01-29 16:58:23'),
(111,1,11.2575,75.7853,'2021-01-29 16:59:34'),
(112,1,11.2575,75.7853,'2021-01-29 16:59:42'),
(113,1,11.2577,75.7847,'2021-01-29 17:00:02'),
(114,1,11.2577,75.7847,'2021-01-29 17:00:02'),
(115,1,11.2575,75.7853,'2021-01-29 17:01:00'),
(116,1,11.2575,75.7853,'2021-01-29 17:01:05'),
(117,1,11.2575,75.7853,'2021-01-29 17:02:59'),
(118,1,11.2575,75.7853,'2021-01-29 17:03:22'),
(119,1,11.2575,75.7853,'2021-01-29 17:03:56'),
(120,1,11.2575,75.7853,'2021-01-29 17:04:02'),
(121,1,11.2575,75.7853,'2021-01-29 17:04:49'),
(122,1,11.2575,75.7853,'2021-01-29 17:04:57'),
(123,1,11.2575,75.7853,'2021-01-29 17:05:54'),
(124,1,11.2575,75.7853,'2021-01-29 17:06:00'),
(125,1,11.2579,75.7847,'2021-01-29 17:06:29'),
(126,1,11.2575,75.7853,'2021-01-29 17:06:58'),
(127,1,11.2575,75.7853,'2021-01-29 17:23:35'),
(128,1,11.2575,75.7853,'2021-01-29 17:23:42'),
(129,1,11.2608,75.7904,'2021-01-29 19:32:19'),
(130,1,11.2608,75.7904,'2021-01-29 19:32:53'),
(131,1,11.2608,75.7904,'2021-01-29 20:02:50'),
(132,1,11.2608,75.7904,'2021-01-29 20:03:11'),
(133,1,11.2608,75.7904,'2021-01-29 20:17:09'),
(134,1,11.2608,75.7904,'2021-01-29 20:51:08'),
(135,1,11.2622,75.7896,'2021-01-29 20:56:48'),
(136,1,11.2622,75.7896,'2021-01-29 20:57:19'),
(137,1,11.2622,75.7896,'2021-01-29 21:01:33'),
(138,1,11.2622,75.7896,'2021-01-29 21:01:41'),
(139,1,11.2575,75.7853,'2021-01-30 14:37:50'),
(140,1,11.2575,75.7853,'2021-01-30 14:38:51'),
(141,1,11.2575,75.7853,'2021-01-30 14:39:14'),
(142,1,11.2575,75.7853,'2021-01-30 14:42:52'),
(143,1,11.2575,75.7853,'2021-01-30 14:43:06'),
(144,1,11.2575,75.7853,'2021-01-30 14:52:03'),
(145,1,11.2575,75.7853,'2021-01-30 14:57:13'),
(146,1,11.2575,75.7853,'2021-01-30 14:59:40'),
(147,1,11.2575,75.7853,'2021-01-30 15:01:12'),
(148,1,11.2575,75.7853,'2021-01-30 15:08:24'),
(149,1,11.2575,75.7853,'2021-01-30 15:16:15'),
(150,1,11.2575,75.7853,'2021-01-30 15:16:32'),
(151,1,11.2575,75.7853,'2021-01-30 15:17:34'),
(152,1,11.2575,75.7853,'2021-01-30 15:17:58'),
(153,1,11.2571,75.7846,'2021-01-30 16:57:08'),
(154,1,11.2571,75.7846,'2021-01-30 16:57:20'),
(155,1,11.2571,75.7846,'2021-01-30 17:08:06'),
(156,1,11.2571,75.7846,'2021-01-30 17:08:17'),
(157,1,11.2571,75.7846,'2021-01-30 17:09:46'),
(158,1,11.2571,75.7846,'2021-01-30 17:10:01'),
(159,1,11.2571,75.7846,'2021-01-30 17:11:10'),
(160,1,11.2571,75.7846,'2021-01-30 17:11:21'),
(161,1,11.2571,75.7846,'2021-01-30 17:15:40'),
(162,1,11.2571,75.7846,'2021-01-30 17:15:56'),
(163,1,11.2571,75.7846,'2021-01-30 17:17:26'),
(164,1,11.2571,75.7846,'2021-01-30 17:17:36'),
(165,1,11.2571,75.7846,'2021-01-30 17:21:18'),
(166,1,11.2571,75.7846,'2021-01-30 17:21:25'),
(167,1,11.2572,75.7844,'2021-01-30 17:22:46'),
(168,1,11.2572,75.7844,'2021-01-30 17:22:46'),
(169,1,11.2571,75.7846,'2021-01-30 17:24:00'),
(170,1,11.2571,75.7846,'2021-01-30 17:24:08'),
(171,1,11.2566,75.7845,'2021-01-30 17:25:18'),
(172,1,11.2566,75.7845,'2021-01-30 17:25:18'),
(173,1,11.2571,75.7846,'2021-01-30 17:25:43'),
(174,1,11.2571,75.7846,'2021-01-30 17:28:14'),
(175,1,11.2571,75.7846,'2021-01-30 17:28:28'),
(176,1,11.2571,75.7846,'2021-01-30 17:30:17'),
(177,1,11.2571,75.7846,'2021-01-30 17:30:26'),
(178,1,11.2571,75.7846,'2021-01-30 17:31:07'),
(179,1,11.2571,75.7846,'2021-01-30 17:31:15'),
(180,1,11.2577,75.7849,'2021-01-30 17:32:04'),
(181,1,11.2577,75.7849,'2021-01-30 17:32:04'),
(182,1,11.2571,75.7846,'2021-01-30 17:34:18'),
(183,1,11.2571,75.7846,'2021-01-30 17:34:30'),
(184,1,11.2571,75.7846,'2021-01-30 17:36:43'),
(185,1,11.2571,75.7846,'2021-01-30 17:36:51'),
(186,1,11.2571,75.7849,'2021-02-02 15:04:05'),
(187,1,11.2571,75.7849,'2021-02-02 15:07:58'),
(188,1,11.2571,75.7849,'2021-02-02 15:08:35'),
(189,1,11.2571,75.7849,'2021-02-02 15:09:14'),
(190,1,11.2571,75.7849,'2021-02-02 15:09:34'),
(191,1,11.2571,75.7849,'2021-02-02 15:10:08'),
(192,1,11.2571,75.7849,'2021-02-02 15:10:56'),
(193,1,11.2571,75.7849,'2021-02-02 15:11:29'),
(194,1,11.2571,75.7849,'2021-02-02 15:12:07'),
(195,1,11.2571,75.7849,'2021-02-02 15:12:24'),
(196,1,11.2571,75.7849,'2021-02-02 15:14:09'),
(197,1,11.2571,75.7849,'2021-02-02 15:14:28'),
(198,1,11.2571,75.7849,'2021-02-02 15:14:56'),
(199,1,11.2571,75.7849,'2021-02-02 15:15:35'),
(200,1,11.2571,75.7849,'2021-02-02 15:16:57'),
(201,1,11.2571,75.7849,'2021-02-02 15:18:48'),
(202,1,11.2571,75.7849,'2021-02-02 15:19:15'),
(203,1,11.2571,75.7849,'2021-02-02 15:19:44'),
(204,1,11.2571,75.7849,'2021-02-02 15:20:00'),
(205,1,11.2571,75.7849,'2021-02-02 15:21:23'),
(206,1,11.2571,75.7849,'2021-02-02 15:21:51'),
(207,1,11.2571,75.7849,'2021-02-02 15:33:36'),
(208,1,11.2571,75.7849,'2021-02-02 15:35:33'),
(209,1,11.2571,75.7849,'2021-02-02 15:54:06'),
(210,1,11.2571,75.7849,'2021-02-02 15:55:06'),
(211,10,11.2608,75.7904,'2021-02-02 20:40:57'),
(212,10,11.2608,75.7904,'2021-02-02 20:52:33'),
(213,1,11.2571,75.7849,'2021-02-03 16:33:59'),
(214,1,11.2571,75.7849,'2021-02-03 16:34:03'),
(215,1,11.2571,75.7849,'2021-02-03 17:01:26'),
(216,1,11.2571,75.7849,'2021-02-03 17:01:29'),
(217,1,11.2571,75.7849,'2021-02-03 17:09:15'),
(218,1,11.2571,75.7849,'2021-02-03 17:09:23'),
(219,1,11.2571,75.7849,'2021-02-03 17:12:52'),
(220,1,11.2571,75.7849,'2021-02-03 17:12:55'),
(221,1,11.2571,75.7849,'2021-02-03 17:33:44'),
(222,1,11.2571,75.7849,'2021-02-03 17:33:49'),
(223,1,11.2571,75.7853,'2021-02-04 14:59:28'),
(224,11,11.2571,75.7853,'2021-02-04 15:00:04'),
(225,1,11.2571,75.7853,'2021-02-04 15:14:19'),
(226,1,11.2571,75.7853,'2021-02-04 15:16:11'),
(227,1,11.2571,75.7853,'2021-02-04 15:20:35'),
(228,1,11.2571,75.7853,'2021-02-04 15:22:01'),
(229,1,11.2571,75.7853,'2021-02-04 15:22:42'),
(230,1,11.2571,75.7853,'2021-02-04 15:25:49'),
(231,1,11.2571,75.7853,'2021-02-04 15:35:22'),
(232,1,11.2571,75.7853,'2021-02-04 15:37:22'),
(233,1,11.2571,75.7853,'2021-02-04 15:40:12'),
(234,1,11.2571,75.7853,'2021-02-04 15:43:41'),
(235,1,11.2577,75.7849,'2021-02-04 15:43:46'),
(236,1,11.2577,75.7849,'2021-02-04 15:43:46'),
(237,1,11.2571,75.7853,'2021-02-04 15:59:07'),
(238,1,11.2571,75.7853,'2021-02-04 16:00:22'),
(239,1,11.258,75.7846,'2021-02-04 16:02:08'),
(240,1,11.258,75.7846,'2021-02-04 16:02:08'),
(241,1,11.2571,75.7853,'2021-02-04 16:03:15'),
(242,1,11.2571,75.7853,'2021-02-04 16:03:31'),
(243,1,11.2571,75.7853,'2021-02-04 16:18:35'),
(244,1,11.2571,75.7853,'2021-02-04 16:21:05'),
(245,1,11.2571,75.7853,'2021-02-04 16:22:22'),
(246,1,11.2571,75.7853,'2021-02-04 16:30:32'),
(247,1,11.2571,75.7853,'2021-02-04 16:30:44'),
(248,1,11.2571,75.7853,'2021-02-04 16:30:50'),
(249,1,11.2571,75.7853,'2021-02-04 16:36:33'),
(250,1,11.2571,75.7853,'2021-02-04 16:37:06'),
(251,1,11.2571,75.7853,'2021-02-04 16:37:46'),
(252,1,11.2571,75.7853,'2021-02-04 16:38:42'),
(253,1,11.2571,75.7853,'2021-02-04 16:44:27'),
(254,1,11.2571,75.7853,'2021-02-04 16:45:58'),
(255,1,11.2571,75.7853,'2021-02-04 16:46:37'),
(256,1,11.2571,75.7853,'2021-02-04 16:48:08'),
(257,1,11.2571,75.7853,'2021-02-04 16:49:25'),
(258,1,11.2571,75.7853,'2021-02-04 17:00:57'),
(259,1,11.2571,75.7853,'2021-02-04 17:14:41'),
(260,1,11.2571,75.7853,'2021-02-04 17:16:36'),
(261,1,11.2571,75.7853,'2021-02-04 17:17:47'),
(262,1,11.2571,75.7853,'2021-02-04 17:18:10'),
(263,1,11.2571,75.7853,'2021-02-04 17:19:01'),
(264,1,11.2571,75.7853,'2021-02-04 17:19:28'),
(265,1,11.2571,75.7853,'2021-02-04 17:20:07'),
(266,1,11.2571,75.7853,'2021-02-04 17:20:49'),
(267,1,11.2571,75.7853,'2021-02-04 17:22:22'),
(268,1,11.2571,75.7853,'2021-02-04 17:27:42'),
(269,1,11.2571,75.7853,'2021-02-04 17:31:54'),
(270,1,11.2649,75.8353,'2021-02-08 15:50:04'),
(271,1,11.2649,75.8353,'2021-02-08 15:50:04'),
(272,9,11.2571,75.7846,'2021-02-08 15:50:59'),
(273,2,11.2578,75.7845,'2021-02-08 15:51:19'),
(274,2,11.2578,75.7845,'2021-02-08 15:51:20'),
(275,9,11.2571,75.7846,'2021-02-08 15:52:55'),
(276,9,11.2578,75.7845,'2021-02-08 15:54:10'),
(277,9,11.2578,75.7845,'2021-02-08 15:54:12'),
(278,1,11.2571,75.7846,'2021-02-08 15:54:20'),
(279,9,11.2578,75.7845,'2021-02-08 15:55:40'),
(280,9,11.2578,75.7845,'2021-02-08 15:55:42'),
(281,1,11.2571,75.7846,'2021-02-08 15:55:53'),
(282,1,11.2571,75.7846,'2021-02-08 15:56:00'),
(283,1,11.2577,75.7845,'2021-02-08 15:56:46'),
(284,1,11.2577,75.7845,'2021-02-08 15:56:46'),
(285,1,11.2571,75.7846,'2021-02-08 15:57:37'),
(286,1,11.2571,75.7846,'2021-02-08 15:58:14'),
(287,1,11.2571,75.7846,'2021-02-08 15:58:29'),
(288,1,11.2578,75.7845,'2021-02-08 16:01:03'),
(289,1,11.2578,75.7845,'2021-02-08 16:01:04'),
(290,1,11.2571,75.7846,'2021-02-08 16:05:37'),
(291,2,11.2578,75.7845,'2021-02-08 16:06:00'),
(292,2,11.2578,75.7845,'2021-02-08 16:06:02'),
(293,1,11.2578,75.7845,'2021-02-08 16:14:13'),
(294,1,11.2578,75.7845,'2021-02-08 16:14:14'),
(295,2,11.2571,75.7846,'2021-02-08 16:14:22'),
(296,2,11.2571,75.7846,'2021-02-08 16:15:14'),
(297,2,11.2571,75.7846,'2021-02-08 16:15:14'),
(300,1,11.2578,75.7845,'2021-02-08 16:16:47'),
(301,1,11.2578,75.7845,'2021-02-08 16:16:48'),
(302,1,11.2578,75.7845,'2021-02-08 16:16:49'),
(303,1,11.2578,75.7845,'2021-02-08 16:16:51'),
(304,1,11.2578,75.7845,'2021-02-08 16:17:21'),
(305,1,11.2578,75.7845,'2021-02-08 16:17:23'),
(306,1,11.2578,75.7845,'2021-02-08 16:17:24'),
(307,1,11.2578,75.7845,'2021-02-08 16:17:26'),
(308,1,11.2578,75.7845,'2021-02-08 16:17:55'),
(309,1,11.2578,75.7845,'2021-02-08 16:17:57'),
(310,1,11.2578,75.7845,'2021-02-08 16:17:58'),
(311,1,11.2578,75.7845,'2021-02-08 16:18:00'),
(312,1,11.2578,75.7845,'2021-02-08 16:18:38'),
(313,1,11.2578,75.7845,'2021-02-08 16:18:38'),
(314,1,11.2578,75.7845,'2021-02-08 16:18:41'),
(315,1,11.2578,75.7845,'2021-02-08 16:18:41'),
(316,2,11.2578,75.7845,'2021-02-08 16:19:09'),
(317,2,11.2578,75.7845,'2021-02-08 16:19:11'),
(318,2,11.2578,75.7845,'2021-02-08 16:19:11'),
(319,1,11.2574,75.7849,'2021-02-08 16:19:12'),
(320,2,11.2578,75.7845,'2021-02-08 16:19:13'),
(321,1,11.2574,75.7849,'2021-02-08 16:19:14'),
(322,1,11.2574,75.7849,'2021-02-08 16:19:42'),
(323,1,11.2574,75.7849,'2021-02-08 16:19:43'),
(324,2,11.2578,75.7845,'2021-02-08 16:20:24'),
(325,2,11.2578,75.7845,'2021-02-08 16:20:26'),
(326,2,11.2578,75.7845,'2021-02-08 16:20:27'),
(327,1,11.258,75.7843,'2021-02-08 16:20:27'),
(328,1,11.258,75.7843,'2021-02-08 16:20:27'),
(329,2,11.2578,75.7845,'2021-02-08 16:20:29'),
(330,1,11.258,75.7843,'2021-02-08 16:20:29'),
(331,1,11.258,75.7843,'2021-02-08 16:20:29'),
(332,2,11.2578,75.7845,'2021-02-08 16:20:51'),
(333,2,11.2578,75.7845,'2021-02-08 16:20:52'),
(334,2,11.2578,75.7845,'2021-02-08 16:20:53'),
(335,1,11.2574,75.7849,'2021-02-08 16:20:54'),
(336,1,11.2574,75.7849,'2021-02-08 16:20:56'),
(337,2,11.2578,75.7845,'2021-02-08 16:21:15'),
(338,2,11.2578,75.7845,'2021-02-08 16:21:17'),
(339,2,11.2578,75.7845,'2021-02-08 16:21:17'),
(340,2,11.2578,75.7845,'2021-02-08 16:22:00'),
(341,1,11.2574,75.7849,'2021-02-08 16:22:01'),
(342,2,11.2578,75.7845,'2021-02-08 16:22:02'),
(343,2,11.2578,75.7845,'2021-02-08 16:22:03'),
(344,1,11.2574,75.7849,'2021-02-08 16:22:04'),
(345,2,11.2578,75.7845,'2021-02-08 16:22:05'),
(346,2,11.2578,75.7845,'2021-02-08 16:24:24'),
(347,2,11.2578,75.7845,'2021-02-08 16:24:26'),
(348,1,11.2579,75.785,'2021-02-08 16:24:39'),
(349,1,11.2579,75.785,'2021-02-08 16:24:39'),
(350,1,11.2571,75.7846,'2021-02-08 16:36:01'),
(351,1,11.2571,75.7846,'2021-02-08 16:53:10'),
(352,1,11.2571,75.7846,'2021-02-08 16:55:23'),
(353,1,11.2595,75.7849,'2021-02-10 16:25:14'),
(354,1,11.2595,75.7849,'2021-02-10 16:25:23'),
(355,1,11.2588,75.7849,'2021-02-10 16:26:56'),
(356,1,11.2588,75.7849,'2021-02-10 16:27:26'),
(357,1,11.2588,75.7849,'2021-02-10 16:28:34'),
(358,1,11.2588,75.7849,'2021-02-10 16:30:07'),
(359,1,11.254,75.7849,'2021-02-10 16:40:02'),
(360,1,11.254,75.7849,'2021-02-10 16:40:04'),
(361,1,11.254,75.7849,'2021-02-10 16:40:11'),
(362,1,11.2595,75.7849,'2021-02-10 16:44:13'),
(363,1,11.2595,75.7849,'2021-02-10 16:44:45'),
(364,1,11.2574,75.7849,'2021-02-10 16:56:13'),
(365,1,11.2574,75.7849,'2021-02-10 16:56:24'),
(366,1,11.2574,75.7849,'2021-02-10 17:27:22'),
(367,1,11.2574,75.7849,'2021-02-10 17:30:12'),
(368,0,11.2574,75.7849,'2021-02-10 17:30:17'),
(369,0,11.2574,75.7849,'2021-02-10 17:32:17'),
(370,1,11.2574,75.7849,'2021-02-10 17:33:40'),
(371,0,11.2574,75.7849,'2021-02-10 17:33:50'),
(372,0,11.2574,75.7849,'2021-02-10 17:37:28'),
(373,1,11.2574,75.7849,'2021-02-10 17:39:31'),
(374,1,11.2574,75.7849,'2021-02-10 17:40:03'),
(375,1,11.2574,75.7849,'2021-02-10 17:43:54'),
(376,1,11.2574,75.7849,'2021-02-10 17:44:09'),
(377,1,11.2571,75.7849,'2021-02-11 16:07:42'),
(378,1,11.2571,75.7849,'2021-02-11 16:08:09'),
(379,9,11.2571,75.7849,'2021-02-11 16:10:05'),
(380,1,11.2571,75.7849,'2021-02-11 16:10:53'),
(381,1,11.2571,75.7849,'2021-02-11 16:12:37'),
(382,1,11.2571,75.7849,'2021-02-11 16:19:18'),
(383,1,11.2571,75.7849,'2021-02-11 16:19:29'),
(384,1,11.2571,75.7849,'2021-02-11 16:20:42'),
(385,1,11.2571,75.7849,'2021-02-11 16:22:08'),
(386,1,11.2571,75.7849,'2021-02-11 16:25:19'),
(387,1,11.2571,75.7849,'2021-02-11 16:25:35'),
(388,1,11.2571,75.7849,'2021-02-11 16:34:51'),
(389,1,11.2571,75.7849,'2021-02-11 16:35:05'),
(390,1,11.2571,75.7849,'2021-02-11 16:37:54'),
(391,1,11.2571,75.7849,'2021-02-11 16:38:03'),
(392,1,11.2571,75.7849,'2021-02-11 16:45:45'),
(393,1,11.2571,75.7849,'2021-02-11 16:45:54'),
(394,1,11.2571,75.7849,'2021-02-11 17:35:58'),
(395,1,11.2571,75.7849,'2021-02-11 17:36:14'),
(396,1,11.2598,75.7846,'2021-02-11 17:36:55'),
(397,1,11.2598,75.7846,'2021-02-11 17:36:55'),
(398,1,11.2571,75.7846,'2021-02-12 15:25:23'),
(399,1,11.2571,75.7846,'2021-02-12 15:26:19'),
(400,1,11.2571,75.7846,'2021-02-12 15:28:02'),
(401,10,11.2571,75.7846,'2021-02-12 15:29:14'),
(402,10,11.2571,75.7846,'2021-02-12 15:29:52'),
(403,1,11.2571,75.7846,'2021-02-12 15:33:42'),
(404,10,11.2571,75.7846,'2021-02-12 15:34:28'),
(405,10,11.2571,75.7846,'2021-02-12 15:35:00'),
(406,10,11.2571,75.7853,'2021-02-12 15:41:19'),
(407,10,11.2571,75.7853,'2021-02-12 15:43:09'),
(408,10,11.2571,75.7846,'2021-02-12 15:50:46'),
(409,10,11.2571,75.7846,'2021-02-12 15:51:17'),
(410,9,11.2571,75.7846,'2021-02-12 15:59:09'),
(411,9,11.2571,75.7846,'2021-02-12 15:59:19'),
(412,9,11.2571,75.7853,'2021-02-12 16:00:39'),
(413,9,11.2571,75.7853,'2021-02-12 16:00:39'),
(414,11,11.2571,75.7846,'2021-02-12 16:12:39'),
(415,11,11.2571,75.7846,'2021-02-12 16:12:39'),
(416,10,11.2571,75.7853,'2021-02-12 16:16:47'),
(417,10,11.2571,75.7853,'2021-02-12 16:17:17'),
(418,10,11.2571,75.7846,'2021-02-12 16:17:40'),
(419,10,11.2571,75.7846,'2021-02-12 16:18:11'),
(420,1,11.2547,75.786,'2021-02-12 16:18:19'),
(421,1,11.2547,75.786,'2021-02-12 16:18:29'),
(422,10,11.2571,75.7846,'2021-02-12 16:21:18'),
(423,10,11.2571,75.7846,'2021-02-12 16:21:18'),
(424,10,11.2571,75.7853,'2021-02-12 16:23:14'),
(425,10,11.2571,75.7853,'2021-02-12 16:25:09'),
(426,1,0,0,'2021-02-15 14:53:18'),
(427,1,11.2571,75.7849,'2021-02-15 15:11:07'),
(428,1,11.2571,75.7849,'2021-02-15 15:11:09'),
(429,1,11.2578,75.7845,'2021-02-15 15:17:28'),
(430,1,11.2578,75.7845,'2021-02-15 15:17:29'),
(431,1,11.2578,75.7845,'2021-02-15 15:19:20'),
(432,1,11.2578,75.7845,'2021-02-15 15:19:21'),
(433,1,11.2578,75.7845,'2021-02-15 15:25:01'),
(434,1,11.2578,75.7845,'2021-02-15 15:25:04'),
(435,1,11.2578,75.7845,'2021-02-15 15:28:53'),
(436,1,11.2578,75.7845,'2021-02-15 15:28:55'),
(437,1,11.2578,75.7845,'2021-02-15 15:34:06'),
(438,1,11.2578,75.7845,'2021-02-15 15:34:08'),
(439,1,11.2578,75.7845,'2021-02-15 15:39:04'),
(440,1,11.2578,75.7845,'2021-02-15 15:39:06'),
(441,1,11.2578,75.7845,'2021-02-15 15:45:10'),
(442,1,11.2578,75.7845,'2021-02-15 15:45:12'),
(443,1,11.2578,75.7845,'2021-02-15 15:55:29'),
(444,1,11.2578,75.7845,'2021-02-15 15:55:31'),
(445,1,11.2578,75.7845,'2021-02-15 16:03:04'),
(446,1,11.2578,75.7845,'2021-02-15 16:03:07'),
(447,1,11.2578,75.7845,'2021-02-15 16:13:53'),
(448,1,11.2578,75.7845,'2021-02-15 16:13:55'),
(449,10,11.2578,75.7845,'2021-02-15 16:17:35'),
(450,10,11.2578,75.7845,'2021-02-15 16:17:37'),
(451,10,11.2578,75.7845,'2021-02-15 17:12:39'),
(452,10,11.2578,75.7845,'2021-02-15 17:12:42'),
(453,9,11.2578,75.7845,'2021-02-15 17:16:32'),
(454,9,11.2578,75.7845,'2021-02-15 17:16:34'),
(455,9,11.2578,75.7845,'2021-02-15 17:22:41'),
(456,9,11.2578,75.7845,'2021-02-15 17:22:43'),
(457,9,11.2578,75.7845,'2021-02-15 17:24:32'),
(458,9,11.2578,75.7845,'2021-02-15 17:24:34');

/*Table structure for table `share` */

DROP TABLE IF EXISTS `share`;

CREATE TABLE `share` (
  `sid` int(11) NOT NULL AUTO_INCREMENT,
  `f_id` int(11) NOT NULL,
  `t_id` int(11) NOT NULL,
  `date` varchar(20) NOT NULL,
  PRIMARY KEY (`sid`)
) ENGINE=InnoDB AUTO_INCREMENT=46 DEFAULT CHARSET=utf8mb4;

/*Data for the table `share` */

insert  into `share`(`sid`,`f_id`,`t_id`,`date`) values 
(1,1,9,'2021-02-10'),
(2,1,10,'2021-02-10'),
(3,1,9,'2021-02-10'),
(4,1,11,'2021-02-10'),
(5,1,2,'2021-02-10'),
(6,1,3,'2021-02-11'),
(7,1,2,'2021-02-11'),
(8,1,9,'2021-02-11'),
(9,1,3,'2021-02-08'),
(10,1,3,'2021-02-08'),
(11,1,3,'2021-02-08'),
(12,1,3,'2021-02-04'),
(13,9,1,'2021-02-11'),
(14,9,10,'2021-02-11'),
(15,9,11,'2021-02-11'),
(16,9,2,'2021-02-11'),
(17,9,3,'2021-02-11'),
(18,9,1,'2021-02-12'),
(19,9,11,'2021-02-12'),
(20,9,2,'2021-02-12'),
(22,11,3,'2021-02-12'),
(23,11,2,'2021-02-12'),
(24,11,10,'2021-02-12'),
(25,11,9,'2021-02-12'),
(26,11,1,'2021-02-12'),
(27,1,3,'2021-02-02'),
(28,1,11,'2021-02-02'),
(29,1,10,'2021-02-02'),
(30,1,2,'2021-02-02'),
(31,1,9,'2021-02-02'),
(32,1,3,'2021-02-03'),
(33,1,2,'2021-02-03'),
(34,1,11,'2021-02-03'),
(35,1,10,'2021-02-03'),
(36,1,9,'2021-02-03'),
(37,1,2,'2021-02-04'),
(38,1,11,'2021-02-04'),
(39,1,10,'2021-02-04'),
(40,1,9,'2021-02-04'),
(41,1,2,'2021-02-08'),
(42,1,10,'2021-02-08'),
(43,1,11,'2021-02-08'),
(44,1,9,'2021-02-08'),
(45,1,3,'2021-02-10');

/*Table structure for table `user_registration` */

DROP TABLE IF EXISTS `user_registration`;

CREATE TABLE `user_registration` (
  `user_id` int(11) NOT NULL AUTO_INCREMENT,
  `login_id` int(11) NOT NULL,
  `first_name` varchar(15) NOT NULL,
  `middle_name` varchar(15) NOT NULL,
  `last_name` varchar(15) NOT NULL,
  `phone_no` bigint(20) NOT NULL,
  `mail_id` varchar(40) NOT NULL,
  `address` varchar(50) NOT NULL,
  PRIMARY KEY (`user_id`),
  UNIQUE KEY `phone_no` (`phone_no`,`mail_id`)
) ENGINE=InnoDB AUTO_INCREMENT=16 DEFAULT CHARSET=utf8mb4;

/*Data for the table `user_registration` */

insert  into `user_registration`(`user_id`,`login_id`,`first_name`,`middle_name`,`last_name`,`phone_no`,`mail_id`,`address`) values 
(1,2,'sans','','jose',7593972000,'sans@gmail.com','upsa,888,bglr'),
(9,10,'Rehan','','Thomas',7012936000,'rehanthomas1998@gmail.com','rehan, calicut, 673004'),
(10,11,'Jaimol','','Jose',9876543210,'www8@gmail.com','ganga palace'),
(11,12,'Aneetha','P','V',8848644000,'anuaneetha2000@gmail.com','chathamangalm,calicut');

/*!40101 SET SQL_MODE=@OLD_SQL_MODE */;
/*!40014 SET FOREIGN_KEY_CHECKS=@OLD_FOREIGN_KEY_CHECKS */;
/*!40014 SET UNIQUE_CHECKS=@OLD_UNIQUE_CHECKS */;
/*!40111 SET SQL_NOTES=@OLD_SQL_NOTES */;
